[{"id":"user-image-serdtse_liubov_ruki_170041_2560x1440.jpg","publicUrl":"np://user.desktop.nicepage.com/Site_559224724/images/serdtse_liubov_ruki_170041_2560x1440.jpg","size":309383,"hash":"Z3AG+IgRAZHbovdjCzNj/BQ5b7Y=","fileName":"serdtse_liubov_ruki_170041_2560x1440.jpg","name":"serdtse_liubov_ruki_170041_2560x1440","width":2560,"height":1440,"thumbnail":{"url":"np://user.desktop.nicepage.com/Site_559224724/images/thumbnails/serdtse_liubov_ruki_170041_2560x1440.jpg","width":250,"height":141},"usages":["26328663"]},{"id":"user-image-serdtse_strela_liubov_176441_1920x1080.jpg","publicUrl":"np://user.desktop.nicepage.com/Site_559224724/images/serdtse_strela_liubov_176441_1920x1080.jpg","size":225282,"hash":"JF6ug2JuNmqvYQ3ej2yYgKfm2l4=","fileName":"serdtse_strela_liubov_176441_1920x1080.jpg","name":"serdtse_strela_liubov_176441_1920x1080","width":1920,"height":1080,"thumbnail":{"url":"np://user.desktop.nicepage.com/Site_559224724/images/thumbnails/serdtse_strela_liubov_176441_1920x1080.jpg","width":250,"height":141},"usages":["26328663"]},{"id":"user-image-kniga_stranitsy_serdtse_163446_1920x1080.jpg","publicUrl":"np://user.desktop.nicepage.com/Site_559224724/images/kniga_stranitsy_serdtse_163446_1920x1080.jpg","size":118830,"hash":"6uMT1T+jMo/0aLoDzZS4ocr32ng=","fileName":"kniga_stranitsy_serdtse_163446_1920x1080.jpg","name":"kniga_stranitsy_serdtse_163446_1920x1080","width":1920,"height":1080,"thumbnail":{"url":"np://user.desktop.nicepage.com/Site_559224724/images/thumbnails/kniga_stranitsy_serdtse_163446_1920x1080.jpg","width":250,"height":141},"usages":["26328663"]},{"id":"user-image-serdtse_kniga_liubov_116291_1920x1080.jpg","publicUrl":"np://user.desktop.nicepage.com/Site_559224724/images/serdtse_kniga_liubov_116291_1920x1080.jpg","size":254043,"hash":"yCX+i1xL19PFiS9F4t5/SjfLJjI=","fileName":"serdtse_kniga_liubov_116291_1920x1080.jpg","name":"serdtse_kniga_liubov_116291_1920x1080","width":1920,"height":1080,"thumbnail":{"url":"np://user.desktop.nicepage.com/Site_559224724/images/thumbnails/serdtse_kniga_liubov_116291_1920x1080.jpg","width":250,"height":141},"usages":["26328663"]}]